Volume,Date,tweet_count,price_action
2783200,02-01-2015,174,-4.05999755859375
2774200,05-01-2015,279,-4.82000732421875
3519000,06-01-2015,202,-6.949981689453125
2640300,07-01-2015,193,0.920013427734375
3088400,08-01-2015,215,0.139984130859375
2592400,09-01-2015,205,-4.550018310546875
3421400,12-01-2015,230,-6.149993896484375
4136400,13-01-2015,410,-2.740020751953125
5538700,14-01-2015,284,1.339996337890625
4419200,15-01-2015,280,-7.04998779296875
3478200,16-01-2015,322,4.459991455078125
3075100,20-01-2015,224,-3.149993896484375
10065100,21-01-2015,502,7.6099853515625
5362600,22-01-2015,544,10.32000732421875
4496400,23-01-2015,398,4.310028076171875
3169700,26-01-2015,196,-2.160003662109375
2920300,27-01-2015,245,0.45001220703125
3063800,28-01-2015,297,-5.899993896484375
8656600,29-01-2015,1208,7.04998779296875
23856100,30-01-2015,1197,8.209991455078125
10231900,02-02-2015,347,14.420013427734375
6212600,03-02-2015,446,3.259979248046875
4169900,04-02-2015,293,6.3699951171875
7247600,05-02-2015,372,7.8900146484375
3892400,06-02-2015,178,-0.589996337890625
2724600,09-02-2015,186,-0.44000244140625
2287200,10-02-2015,184,1.80999755859375
2786500,11-02-2015,182,3.910003662109375
2791100,12-02-2015,190,2.07000732421875
3475100,13-02-2015,207,3.41998291015625
3673200,17-02-2015,139,-2.290008544921875
2650600,18-02-2015,199,-0.410003662109375
2953800,19-02-2015,297,5.510009765625
3258000,20-02-2015,263,5.040008544921875
2177000,23-02-2015,172,-3.29998779296875
1920800,24-02-2015,147,-0.05999755859375
3174500,25-02-2015,252,8.100006103515625
2687100,26-02-2015,250,0.72998046875
2532300,27-02-2015,190,-3.839996337890625
2139200,02-03-2015,202,4.80999755859375
1946500,03-03-2015,224,0.65997314453125
2259100,04-03-2015,277,-2.989990234375
2693500,05-03-2015,289,2.220001220703125
2627000,06-03-2015,284,-5.42999267578125
2311400,09-03-2015,217,0.160003662109375
3121000,10-03-2015,212,-7.94000244140625
2495100,11-03-2015,195,-4.239990234375
2810000,12-03-2015,194,5.41998291015625
2611700,13-03-2015,161,-0.94000244140625
2354100,16-03-2015,220,2.970001220703125
2037000,17-03-2015,253,0.810028076171875
2654100,18-03-2015,214,5.170013427734375
1915700,19-03-2015,284,-0.6300048828125
3763600,20-03-2015,339,2.199981689453125
2239300,23-03-2015,147,-2.96002197265625
2228200,24-03-2015,233,0.100006103515625
3429500,25-03-2015,238,-4.21002197265625
2930000,26-03-2015,248,-2.239990234375
2609800,27-03-2015,279,3.45001220703125
1820900,30-03-2015,206,2.720001220703125
2506100,31-03-2015,321,-1.139984130859375
2458100,01-04-2015,266,-1.839996337890625
1875300,02-04-2015,241,1.75
3050700,06-04-2015,171,6.94000244140625
1954900,07-04-2015,155,-1.739990234375
2636400,08-04-2015,253,6.540008544921875
2392300,09-04-2015,319,2.8800048828125
2573500,10-04-2015,241,-1.660003662109375
1894500,13-04-2015,202,-1.170013427734375
2583600,14-04-2015,286,1.5999755859375
1933200,15-04-2015,262,-1.199981689453125
2080400,16-04-2015,235,2.350006103515625
3839700,17-04-2015,273,-7.07000732421875
5016100,20-04-2015,360,10.96002197265625
4643500,21-04-2015,249,-0.1300048828125
3474700,22-04-2015,319,-2.110015869140625
7980000,23-04-2015,1380,-0.220001220703125
17176900,24-04-2015,1662,6.100006103515625
5430900,27-04-2015,449,-5.29998779296875
4140500,28-04-2015,345,-9.20001220703125
3621700,29-04-2015,302,2.6199951171875
3647900,30-04-2015,271,-5.329986572265625
3565800,01-05-2015,253,-0.95001220703125
2270400,04-05-2015,236,-1.759979248046875
2856400,05-05-2015,327,-1.660003662109375
2552500,06-05-2015,338,-2.329986572265625
2766100,07-05-2015,275,2.730010986328125
2908800,08-05-2015,286,2.94000244140625
2393700,11-05-2015,269,0.339996337890625
1947800,12-05-2015,227,-0.05999755859375
1996300,13-05-2015,220,-3.110015869140625
1888500,14-05-2015,267,2.829986572265625
4240300,15-05-2015,298,-2.0
2390200,18-05-2015,352,-0.760009765625
2464200,19-05-2015,260,-3.160003662109375
2196200,20-05-2015,453,3.259979248046875
4121400,21-05-2015,492,3.6300048828125
2020600,22-05-2015,379,-3.91998291015625
2244200,26-05-2015,424,-0.730010986328125
2231100,27-05-2015,288,3.970001220703125
1912400,28-05-2015,389,-3.139984130859375
3016100,29-05-2015,355,2.0
2253300,01-06-2015,364,0.52001953125
1668900,02-06-2015,358,0.91998291015625
2727900,03-06-2015,453,2.19000244140625
2510800,04-06-2015,355,-3.6199951171875
1907900,05-06-2015,318,-2.709991455078125
2172500,08-06-2015,354,-2.1199951171875
2288700,09-06-2015,434,2.52001953125
2172300,10-06-2015,395,4.30999755859375
2922500,11-06-2015,520,0.67999267578125
2054400,12-06-2015,337,-1.329986572265625
2051000,15-06-2015,376,-3.989990234375
2296400,16-06-2015,397,3.110015869140625
2185900,17-06-2015,388,-0.54998779296875
3378400,18-06-2015,511,9.09002685546875
4495100,19-06-2015,406,-5.339996337890625
1823600,22-06-2015,378,-0.709991455078125
3245000,23-06-2015,535,10.399993896484375
2620800,24-06-2015,439,-4.1300048828125
2237500,25-06-2015,478,2.029998779296875
2624500,26-06-2015,362,-3.660003662109375
2753200,29-06-2015,364,-5.120025634765625
2596900,30-06-2015,514,-0.110015869140625
1987100,01-07-2015,351,-1.959991455078125
1343400,02-07-2015,158,0.709991455078125
1903200,06-07-2015,201,0.80999755859375
3454200,07-07-2015,405,1.040008544921875
2383100,08-07-2015,154,-4.649993896484375
2271400,09-07-2015,152,-0.509979248046875
2401000,10-07-2015,362,3.02001953125
3956800,13-07-2015,429,7.279998779296875
4736200,14-07-2015,525,3.25
2987400,15-07-2015,813,-1.850006103515625
4095600,16-07-2015,581,9.980010986328125
4932200,17-07-2015,375,5.30999755859375
4752500,20-07-2015,568,-4.470001220703125
3181800,21-07-2015,442,0.100006103515625
3114900,22-07-2015,457,2.279998779296875
9374400,23-07-2015,2385,-9.480010986328125
21909400,24-07-2015,2197,-49.57000732421875
7491000,27-07-2015,435,3.65997314453125
5273100,28-07-2015,475,-9.969970703125
3752600,29-07-2015,558,-1.91998291015625
3743100,30-07-2015,511,9.1099853515625
3025600,31-07-2015,427,-2.94000244140625
3014200,03-08-2015,384,-2.41998291015625
2934600,04-08-2015,248,2.21002197265625
2889400,05-08-2015,324,-1.78997802734375
3820500,06-08-2015,422,-9.8399658203125
3969200,07-08-2015,463,-6.53997802734375
2615900,10-08-2015,215,-4.52001953125
2676600,11-08-2015,276,3.80999755859375
3962300,12-08-2015,254,2.15997314453125
2895200,13-08-2015,361,2.28997802734375
1994800,14-08-2015,366,3.27001953125
2581700,17-08-2015,437,3.92999267578125
2071300,18-08-2015,414,-0.01995849609375
2324000,19-08-2015,290,-0.82000732421875
4408000,20-08-2015,241,-14.6099853515625
6706500,21-08-2015,283,-12.889984130859375
10097600,24-08-2015,267,-0.209991455078125
5679300,25-08-2015,359,-21.1199951171875
6358600,26-08-2015,695,16.75
6114500,27-08-2015,609,4.65997314453125
2746700,28-08-2015,169,0.510009765625
3002300,31-08-2015,317,-3.54998779296875
3864500,01-09-2015,266,-2.600006103515625
3707100,02-09-2015,226,5.459991455078125
3149700,03-09-2015,239,-9.779998779296875
2692500,04-09-2015,295,1.350006103515625
3810700,08-09-2015,362,8.8499755859375
4370700,09-09-2015,488,-7.1099853515625
2576000,10-09-2015,244,7.0899658203125
3227900,11-09-2015,380,8.3699951171875
3130200,14-09-2015,139,-8.05999755859375
2865900,15-09-2015,215,-0.8800048828125
2252800,16-09-2015,218,5.4100341796875
4169500,17-09-2015,591,11.8900146484375
6160100,18-09-2015,471,5.6400146484375
3283300,21-09-2015,248,4.05999755859375
3841700,22-09-2015,284,-1.30999755859375
2237600,23-09-2015,384,-2.22998046875
3501000,24-09-2015,322,3.20001220703125
4031000,25-09-2015,443,-18.32000732421875
5434500,28-09-2015,437,-15.96002197265625
4457500,29-09-2015,471,-9.92999267578125
4004700,30-09-2015,261,6.45001220703125
3768500,01-10-2015,351,9.719970703125
4597800,02-10-2015,396,19.54998779296875
3391400,05-10-2015,349,6.69000244140625
4502800,06-10-2015,250,-8.02001953125
3812100,07-10-2015,442,0.1500244140625
4676400,08-10-2015,560,-3.550048828125
3537400,09-10-2015,387,5.32000732421875
2776100,12-10-2015,331,10.22998046875
2938000,13-10-2015,211,2.6400146484375
3582100,14-10-2015,616,-6.510009765625
4937000,15-10-2015,627,14.69000244140625
4315800,16-10-2015,428,5.489990234375
4375400,19-10-2015,367,2.3900146484375
4346200,20-10-2015,378,-11.1199951171875
3343600,21-10-2015,365,-8.0999755859375
7779400,22-10-2015,1241,1.2099609375
10692700,23-10-2015,1285,-18.64996337890625
4269700,26-10-2015,347,6.30999755859375
3787100,27-10-2015,469,2.4100341796875
3926200,28-10-2015,546,4.79998779296875
3896000,29-10-2015,472,8.8499755859375
3874400,30-10-2015,408,-0.1099853515625
2816500,02-11-2015,305,1.219970703125
3246900,03-11-2015,368,-4.22003173828125
4840500,04-11-2015,474,13.19000244140625
4723800,05-11-2015,382,8.550048828125
4092200,06-11-2015,374,4.3699951171875
4048800,09-11-2015,332,-3.1600341796875
3489500,10-11-2015,329,8.66998291015625
5387300,11-11-2015,625,10.0
4284700,12-11-2015,434,-7.4000244140625
6261100,13-11-2015,407,-21.22003173828125
7435900,16-11-2015,496,6.8900146484375
4320200,17-11-2015,377,-7.35003662109375
4469800,18-11-2015,465,17.02996826171875
4705200,19-11-2015,368,-3.719970703125
3896100,20-11-2015,379,0.510009765625
4385100,23-11-2015,358,7.489990234375
4543400,24-11-2015,446,-2.989990234375
2697900,25-11-2015,404,0.34002685546875
1966800,27-11-2015,298,-7.53997802734375
5693200,30-11-2015,529,-11.10003662109375
4751200,01-12-2015,504,5.30999755859375
4273500,02-12-2015,457,-4.989990234375
5064700,03-12-2015,409,-13.19000244140625
4534800,04-12-2015,254,6.6400146484375
3732800,07-12-2015,309,-4.90997314453125
3651900,08-12-2015,390,14.20001220703125
5158200,09-12-2015,314,-13.21002197265625
3455500,10-12-2015,309,-3.27001953125
5474400,11-12-2015,442,-11.0799560546875
4329700,14-12-2015,293,16.15997314453125
4753400,15-12-2015,339,-6.3900146484375
3964500,16-12-2015,262,12.21002197265625
3681600,17-12-2015,346,-9.3499755859375
6841300,18-12-2015,447,-4.510009765625
3250900,21-12-2015,317,-3.989990234375
2667800,22-12-2015,276,-3.67999267578125
2722900,23-12-2015,388,-2.79998779296875
1091200,24-12-2015,284,-0.55999755859375
3783600,28-12-2015,542,9.6400146484375
5735000,29-12-2015,748,15.989990234375
3519000,30-12-2015,404,-2.82000732421875
3749600,31-12-2015,411,-10.19000244140625
9314500,04-01-2016,664,-19.29998779296875
5822600,05-01-2016,516,-13.07000732421875
5329200,06-01-2016,497,10.6500244140625
7074900,07-01-2016,501,-13.8599853515625
5512900,08-01-2016,47,-12.6099853515625
4891600,11-01-2016,331,5.260009765625
4724100,12-01-2016,348,-7.3599853515625
7655200,13-01-2016,608,-39.07000732421875
7238000,14-01-2016,539,12.75
7784500,15-01-2016,506,-2.05999755859375
4807200,19-01-2016,364,-2.61004638671875
7966400,20-01-2016,462,7.4100341796875
4952200,21-01-2016,340,1.44000244140625
5120100,22-01-2016,309,7.6500244140625
4396100,25-01-2016,313,-1.4599609375
3765700,26-01-2016,390,-2.20001220703125
5152900,27-01-2016,422,-18.6400146484375
14015200,28-01-2016,2231,26.97998046875
14677600,29-01-2016,1475,15.02001953125
6355100,01-02-2016,335,-3.34002685546875
6312000,02-02-2016,397,-17.9000244140625
10048700,03-02-2016,605,-22.42999267578125
6199100,04-02-2016,462,11.260009765625
9708900,05-02-2016,584,-27.1500244140625
9825500,08-02-2016,364,1.6300048828125
7077900,09-02-2016,551,4.05999755859375
6786200,10-02-2016,533,-1.279998779296875
7397400,11-02-2016,510,12.649993896484375
5384800,12-02-2016,335,-3.620025634765625
5118500,16-02-2016,409,1.6199951171875
4824000,17-02-2016,401,5.3599853515625
4735000,18-02-2016,562,-16.19000244140625
4974700,19-02-2016,417,14.19000244140625
5566600,22-02-2016,513,17.29998779296875
4050800,23-02-2016,404,-2.6099853515625
6231700,24-02-2016,404,8.28997802734375
4525500,25-02-2016,399,-0.3699951171875
4877000,26-02-2016,340,-4.8900146484375
4145400,29-02-2016,419,-1.47998046875
5038500,01-03-2016,369,22.75
4582200,02-03-2016,324,-1.53997802734375
2741300,03-03-2016,432,-0.47003173828125
3416500,04-03-2016,387,-5.92999267578125
4926900,07-03-2016,362,-10.739990234375
4730000,08-03-2016,404,2.3900146484375
4377300,09-03-2016,513,-0.09002685546875
3919900,10-03-2016,405,-7.80999755859375
3771300,11-03-2016,715,2.65997314453125
3454200,14-03-2016,344,6.3699951171875
3876800,15-03-2016,473,6.02001953125
3537700,16-03-2016,345,-2.3699951171875
5928100,17-03-2016,598,-10.07000732421875
7296900,18-03-2016,320,-8.8599853515625
5155700,21-03-2016,768,5.07000732421875
4000600,22-03-2016,452,15.3699951171875
3983700,23-03-2016,488,8.6300048828125
5185500,24-03-2016,413,15.84002685546875
3121500,28-03-2016,345,-4.530029296875
4392600,29-03-2016,437,13.7099609375
3890500,30-03-2016,432,1.97998046875
2681800,31-03-2016,468,-5.6400146484375
2917400,01-04-2016,335,8.010009765625
2470800,04-04-2016,417,-5.80999755859375
2308900,05-04-2016,412,-4.6300048828125
2849900,06-04-2016,711,14.55999755859375
3189000,07-04-2016,453,-7.33001708984375
2591900,08-04-2016,358,0.27996826171875
2704300,11-04-2016,277,-0.21002197265625
2641100,12-04-2016,342,4.76995849609375
4228300,13-04-2016,669,7.1400146484375
3512100,14-04-2016,398,5.67999267578125
2887700,15-04-2016,326,3.97003173828125
4360900,18-04-2016,748,10.0
4055900,19-04-2016,447,-9.239990234375
2609400,20-04-2016,313,2.989990234375
2596300,21-04-2016,406,0.0
5083900,22-04-2016,340,-3.969970703125
2682900,25-04-2016,245,9.59002685546875
2521400,26-04-2016,352,-9.28997802734375
4068800,27-04-2016,477,-5.22998046875
7872600,28-04-2016,1593,-13.53997802734375
10310700,29-04-2016,1076,-6.40997314453125
6578500,02-05-2016,601,19.92999267578125
4923400,03-05-2016,395,-6.03997802734375
4635500,04-05-2016,488,8.30999755859375
4884100,05-05-2016,473,-14.219970703125
4365300,06-05-2016,154,17.9000244140625
3982200,09-05-2016,346,5.79998779296875
6105600,10-05-2016,999,9.07000732421875
7338200,11-05-2016,1109,7.44000244140625
5048200,12-05-2016,835,0.54998779296875
4763400,13-05-2016,810,-4.72003173828125
5432900,16-05-2016,601,0.52996826171875
5121400,17-05-2016,649,-14.6300048828125
4283200,18-05-2016,617,7.8900146484375
3025600,19-05-2016,459,6.6400146484375
2916200,20-05-2016,387,1.75
2595100,23-05-2016,305,-7.5
3033800,24-05-2016,440,6.19000244140625
3267700,25-05-2016,390,0.3499755859375
2446700,26-05-2016,447,6.5799560546875
2249200,27-05-2016,299,-2.760009765625
3618300,31-05-2016,368,10.4599609375
3263100,01-06-2016,546,-1.46002197265625
3026600,02-06-2016,495,7.27001953125
3367300,03-06-2016,354,-1.20001220703125
2704800,06-06-2016,289,0.22998046875
2732500,07-06-2016,355,-6.1500244140625
2223400,08-06-2016,486,0.239990234375
2170300,09-06-2016,481,4.550048828125
3425700,10-06-2016,425,-4.44000244140625
3352200,13-06-2016,315,1.22998046875
2506900,14-06-2016,306,6.969970703125
2709400,15-06-2016,56,-7.739990234375
3098000,16-06-2016,318,5.46002197265625
5897800,17-06-2016,316,-11.79998779296875
3677200,20-06-2016,258,0.510009765625
2137500,21-06-2016,277,0.10003662109375
2260500,22-06-2016,382,-5.98004150390625
2825000,23-06-2016,334,6.58001708984375
7632500,24-06-2016,371,5.96002197265625
5568000,27-06-2016,354,-0.6500244140625
4037000,28-06-2016,412,7.95001220703125
3070100,29-06-2016,493,-0.1500244140625
2855100,30-06-2016,443,-1.58001708984375
2920400,01-07-2016,408,8.3599853515625
2431400,05-07-2016,289,5.29998779296875
3938200,06-07-2016,506,11.89996337890625
2945800,07-07-2016,422,-2.760009765625
3429200,08-07-2016,427,5.66998291015625
3195300,11-07-2016,680,3.780029296875
5623700,12-07-2016,1110,-8.64996337890625
4142300,13-07-2016,423,-4.1300048828125
2390500,14-07-2016,607,-7.65997314453125
3121400,15-07-2016,324,-11.1099853515625
2954900,18-07-2016,437,0.58001708984375
2216800,19-07-2016,402,7.45001220703125
2214000,20-07-2016,309,1.719970703125
2317100,21-07-2016,427,-3.07000732421875
2277700,22-07-2016,388,-2.92999267578125
2679300,25-07-2016,330,-6.94000244140625
2529700,26-07-2016,519,-7.1199951171875
2913100,27-07-2016,357,-1.29998779296875
7617600,28-07-2016,1464,6.6300048828125
6777100,29-07-2016,1044,-6.19000244140625
3578200,01-08-2016,491,7.8699951171875
3603300,02-08-2016,270,-3.22998046875
3581500,03-08-2016,340,-2.41998291015625
3178200,04-08-2016,433,7.07000732421875
2704400,05-08-2016,463,1.16998291015625
1986300,08-08-2016,564,-0.25
1876100,09-08-2016,365,0.91998291015625
1604300,10-08-2016,277,-1.239990234375
2019700,11-08-2016,394,1.29998779296875
1563300,12-08-2016,253,4.0999755859375
2118500,15-08-2016,352,-3.4100341796875
1604600,16-08-2016,278,-4.58001708984375
1891100,17-08-2016,375,0.22003173828125
1458800,18-08-2016,371,0.46002197265625
2343200,19-08-2016,373,-4.59002685546875
1679300,22-08-2016,272,1.97998046875
1524100,23-08-2016,412,-0.8599853515625
1744100,24-08-2016,284,-5.75
1623000,25-08-2016,380,3.219970703125
2776800,26-08-2016,387,8.95001220703125
2198600,29-08-2016,400,2.57000732421875
1709200,30-08-2016,369,-3.469970703125
1633800,31-08-2016,403,2.55999755859375
1792300,01-09-2016,397,-0.280029296875
2181800,02-09-2016,305,-1.66998291015625
3719800,06-09-2016,501,14.83001708984375
2424600,07-09-2016,500,-5.050048828125
2030500,08-09-2016,370,0.16998291015625
4257300,09-09-2016,408,-19.219970703125
3124700,12-09-2016,414,14.1400146484375
3117200,13-09-2016,435,-7.760009765625
2523000,14-09-2016,477,-1.1099853515625
3034000,15-09-2016,511,7.69000244140625
5499200,16-09-2016,462,5.239990234375
2297200,19-09-2016,374,-4.8699951171875
1937200,20-09-2016,288,4.219970703125
2718600,21-09-2016,399,6.489990234375
4078900,22-09-2016,506,10.42999267578125
2353500,23-09-2016,448,2.6199951171875
2651400,26-09-2016,359,-2.6400146484375
3819600,27-09-2016,499,14.260009765625
4422100,28-09-2016,750,10.719970703125
4922200,29-09-2016,471,0.78997802734375
4430600,30-09-2016,564,4.70001220703125
2769400,03-10-2016,510,0.739990234375
2950300,04-10-2016,523,-6.87994384765625
3469100,05-10-2016,621,6.3599853515625
2684000,06-10-2016,583,-2.0400390625
2426200,07-10-2016,373,-6.3599853515625
1827100,10-10-2016,323,-1.53997802734375
3588200,11-10-2016,451,-10.02001953125
2380400,12-10-2016,774,0.09002685546875
3091400,13-10-2016,595,0.280029296875
2999800,14-10-2016,460,-12.1199951171875
3361500,17-10-2016,549,-8.54998779296875
2512500,18-10-2016,469,-4.4599609375
2090700,19-10-2016,425,-2.71002197265625
3152000,20-10-2016,475,-3.66998291015625
2793000,21-10-2016,375,9.6300048828125
4060900,24-10-2016,566,13.1400146484375
3248400,25-10-2016,558,-4.1199951171875
3998100,26-10-2016,448,-10.16998291015625
7406400,27-10-2016,1603,-12.8800048828125
10841100,28-10-2016,1192,-5.67999267578125
5413300,31-10-2016,507,8.78997802734375
5305400,01-11-2016,518,-13.59002685546875
5026500,02-11-2016,512,-18.3699951171875
3872500,03-11-2016,427,1.98004150390625
5122100,04-11-2016,391,-7.739990234375
5984400,07-11-2016,386,13.28997802734375
3412600,08-11-2016,290,2.780029296875
8562900,09-11-2016,373,7.8800048828125
12747000,10-11-2016,709,-36.42999267578125
6622800,11-11-2016,439,3.280029296875
7321300,14-11-2016,707,-26.44000244140625
6755800,15-11-2016,575,13.239990234375
3648800,16-11-2016,478,6.6099853515625
3690100,17-11-2016,620,7.08001708984375
4373400,18-11-2016,578,-0.84002685546875
4614600,21-11-2016,703,14.0
5311300,22-11-2016,702,-2.8399658203125
3540300,23-11-2016,464,-1.6099853515625
1837100,25-11-2016,458,-6.1300048828125
4438800,28-11-2016,677,-10.219970703125
3272300,29-11-2016,614,-5.47998046875
4625900,30-11-2016,583,-11.42999267578125
4666000,01-12-2016,666,-8.75994873046875
3561300,02-12-2016,495,-3.05999755859375
4314700,05-12-2016,794,14.3599853515625
3794700,06-12-2016,683,0.72998046875
3684900,07-12-2016,509,5.8699951171875
3189600,08-12-2016,532,-4.53997802734375
2470900,09-12-2016,386,-1.34002685546875
2963900,12-12-2016,398,-6.280029296875
5285300,13-12-2016,474,9.3800048828125
5454800,14-12-2016,869,-9.42999267578125
3801900,15-12-2016,626,-5.280029296875
4848200,16-12-2016,440,-7.22998046875
3113200,19-12-2016,335,7.1099853515625
2703600,20-12-2016,407,2.5699462890625
2044600,21-12-2016,370,0.5999755859375
2543600,22-12-2016,406,-1.77996826171875
1981600,23-12-2016,302,-3.9599609375
2638700,27-12-2016,475,8.0
3301000,28-12-2016,555,-4.1199951171875
3158300,29-12-2016,628,-7.25
4139400,30-12-2016,541,-16.5999755859375
3521100,03-01-2017,575,-4.25
2510500,04-01-2017,616,-1.21002197265625
5830100,05-01-2017,1094,18.9000244140625
5986200,06-01-2017,750,13.6300048828125
3446100,09-01-2017,509,-1.08001708984375
2558400,10-01-2017,408,-0.699951171875
2992800,11-01-2017,524,5.36004638671875
4873900,12-01-2017,1053,13.33001708984375
3791900,13-01-2017,655,2.82000732421875
3670500,17-01-2017,359,-5.98004150390625
2354200,18-01-2017,464,-2.02001953125
2540800,19-01-2017,434,-0.96002197265625
3376200,20-01-2017,375,-6.95001220703125
2797500,23-01-2017,509,11.08001708984375
2971700,24-01-2017,528,0.44000244140625
3922600,25-01-2017,497,10.73004150390625
3586300,26-01-2017,458,3.6199951171875
2998700,27-01-2017,383,-3.22998046875
3747300,30-01-2017,417,-2.6199951171875
3137200,31-01-2017,585,-0.27001953125
3850200,01-02-2017,554,3.13995361328125
7350500,02-02-2017,1581,3.3599853515625
10868800,03-02-2017,1169,3.48004150390625
3897300,06-02-2017,402,-2.15997314453125
3466100,07-02-2017,439,3.19000244140625
2858000,08-02-2017,464,7.02001953125
2484900,09-02-2017,421,-0.239990234375
2429600,10-02-2017,428,3.6400146484375
4172600,13-02-2017,517,4.9100341796875
2792400,14-02-2017,487,-0.6099853515625
2968900,15-02-2017,503,8.70001220703125
2714700,16-02-2017,400,2.29998779296875
3112300,17-02-2017,483,3.07000732421875
3507700,21-02-2017,541,7.5999755859375
2617000,22-02-2017,446,-1.34002685546875
3462000,23-02-2017,391,-5.3800048828125
3688000,24-02-2017,337,0.54998779296875
2713600,27-02-2017,507,6.260009765625
2793700,28-02-2017,672,-6.4100341796875
2760100,01-03-2017,539,0.030029296875
2132100,02-03-2017,493,-4.1700439453125
1941100,03-03-2017,566,2.67999267578125
2610400,06-03-2017,389,1.3800048828125
2247600,07-03-2017,438,0.5400390625
2286500,08-03-2017,450,2.5
2048200,09-03-2017,295,2.0
2436400,10-03-2017,279,-4.53997802734375
1909700,13-03-2017,176,2.82000732421875
2130600,14-03-2017,224,-1.01995849609375
2562200,15-03-2017,355,-1.36004638671875
1842300,16-03-2017,330,-1.8800048828125
3384400,17-03-2017,313,-1.17999267578125
2282700,20-03-2017,286,5.4599609375
4382900,21-03-2017,461,-15.6400146484375
2658700,22-03-2017,345,7.6300048828125
1953000,23-03-2017,250,-0.82000732421875
2138300,24-03-2017,231,-6.07000732421875
2755800,27-03-2017,323,8.75
3041600,28-03-2017,539,4.25
4485800,29-03-2017,747,15.27001953125
2762700,30-03-2017,441,1.3900146484375
3957600,31-03-2017,577,9.53997802734375
3422300,03-04-2017,385,3.510009765625
4984700,04-04-2017,630,15.33001708984375
7508400,05-04-2017,1139,-1.53997802734375
6344100,06-04-2017,695,-15.51995849609375
3710900,07-04-2017,388,-4.77001953125
3184300,10-04-2017,474,7.40997314453125
3012700,11-04-2017,382,-4.67999267578125
2456100,12-04-2017,431,-6.86004638671875
3174600,13-04-2017,372,-6.780029296875
2854700,17-04-2017,436,14.489990234375
2999200,18-04-2017,313,2.7900390625
2870200,19-04-2017,358,-8.6400146484375
2814400,20-04-2017,389,2.3599853515625
2420500,21-04-2017,325,-4.13995361328125
3122900,24-04-2017,406,-1.27001953125
3380600,25-04-2017,496,0.58001708984375
2608900,26-04-2017,443,-1.010009765625
5305500,27-04-2017,1379,3.989990234375
7364700,28-04-2017,1192,-23.84002685546875
5466500,01-05-2017,628,20.42999267578125
3848800,02-05-2017,360,0.28997802734375
3582700,03-05-2017,342,-4.969970703125
2418400,04-05-2017,333,-7.219970703125
2866400,05-05-2017,361,-6.3699951171875
3415700,08-05-2017,523,8.0899658203125
3262100,09-05-2017,661,0.02001953125
2096500,10-05-2017,405,-4.54998779296875
2194100,11-05-2017,337,2.510009765625
3625900,12-05-2017,101,6.8499755859375
4270600,15-05-2017,538,-0.760009765625
3126100,16-05-2017,493,5.07000732421875
5145600,17-05-2017,623,-9.94000244140625
3939300,18-05-2017,413,13.69000244140625
3972100,19-05-2017,289,-3.0
2642200,22-05-2017,322,6.66998291015625
2415600,23-05-2017,390,-3.48004150390625
2446000,24-05-2017,435,4.3499755859375
4822000,25-05-2017,1011,8.530029296875
3469200,26-05-2017,477,0.780029296875
3263100,30-05-2017,11,0.19000244140625
3913100,31-05-2017,509,-5.3800048828125
2454800,01-06-2017,323,-2.6400146484375
3752300,02-06-2017,409,7.739990234375
2719900,05-06-2017,500,4.11004638671875
3346400,06-06-2017,595,-9.0
2823000,07-06-2017,425,4.1199951171875
2767900,08-06-2017,397,-1.78997802734375
7647700,09-06-2017,717,-34.19000244140625
9447200,12-06-2017,721,-2.09002685546875
4580000,13-06-2017,438,2.79998779296875
3974900,14-06-2017,314,-12.12005615234375
5373900,15-06-2017,518,5.469970703125
11472700,16-06-2017,4167,-8.28997802734375
5043400,19-06-2017,1247,-21.83001708984375
4076800,20-06-2017,852,-5.40997314453125
2922500,21-06-2017,810,3.52996826171875
2253400,22-06-2017,608,-0.92999267578125
2879100,23-06-2017,617,1.20001220703125
3386200,26-06-2017,361,-14.52001953125
3782400,27-06-2017,544,-13.90997314453125
3737600,28-06-2017,637,11.780029296875
4303000,29-06-2017,606,-3.07000732421875
3390300,30-06-2017,455,-12.1199951171875
2909100,03-07-2017,449,-19.1300048828125
3653000,05-07-2017,444,9.8699951171875
3259600,06-07-2017,515,0.48004150390625
2643400,07-07-2017,452,9.21002197265625
3546300,10-07-2017,718,11.469970703125
2982700,11-07-2017,765,1.1300048828125
3608600,12-07-2017,645,5.8599853515625
2880800,13-07-2017,523,-3.989990234375
2102500,14-07-2017,510,-0.59002685546875
3712600,17-07-2017,667,5.3499755859375
4007600,18-07-2017,713,18.449951171875
2964000,19-07-2017,483,1.8699951171875
3097500,20-07-2017,729,-2.8900146484375
2734600,21-07-2017,579,4.3900146484375
3288000,24-07-2017,601,10.6099853515625
2447600,25-07-2017,545,1.8199462890625
2921300,26-07-2017,592,9.60009765625
10991700,27-07-2017,1647,-23.550048828125
7709400,28-07-2017,929,7.89996337890625
7352100,31-07-2017,594,-31.26995849609375
4572600,01-08-2017,518,0.08001708984375
4070000,02-08-2017,500,-5.8800048828125
3255800,03-08-2017,447,-12.54998779296875
2730300,04-08-2017,301,-2.0999755859375
2676600,07-08-2017,356,1.6199951171875
2902800,08-08-2017,434,-4.50994873046875
3569700,09-08-2017,431,-0.5899658203125
5684100,10-08-2017,524,-19.3800048828125
3468000,11-08-2017,492,7.989990234375
3172900,14-08-2017,440,4.8900146484375
2549300,15-08-2017,512,-6.1600341796875
3132100,16-08-2017,753,-3.47003173828125
3512400,17-08-2017,633,-17.27001953125
3284800,18-08-2017,404,-2.9300537109375
3164500,21-08-2017,413,-4.280029296875
2750000,22-08-2017,365,11.3800048828125
2668300,23-08-2017,429,-1.3800048828125
5195700,24-08-2017,925,-4.969970703125
3324800,25-08-2017,662,-10.739990234375
2596700,28-08-2017,602,-0.51995849609375
2874300,29-08-2017,180,14.05999755859375
2904600,30-08-2017,800,9.1500244140625
3331500,31-08-2017,454,5.89996337890625
2535900,01-09-2017,361,-5.95001220703125
2883200,05-09-2017,276,-10.1300048828125
2129900,06-09-2017,322,-0.52001953125
2566800,07-09-2017,599,5.469970703125
2605300,08-09-2017,570,-13.199951171875
2186700,11-09-2017,558,3.5
2481100,12-09-2017,637,-0.69000244140625
3374700,13-09-2017,817,15.6300048828125
3913300,14-09-2017,729,-4.5899658203125
3760200,15-09-2017,586,-6.22003173828125
3411300,18-09-2017,735,-16.21002197265625
2671100,19-09-2017,728,-7.3900146484375
2888800,20-09-2017,539,1.4200439453125
2337600,21-09-2017,385,-6.65997314453125
2641800,22-09-2017,427,-5.9100341796875
5124000,25-09-2017,588,-9.52001953125
3564800,26-09-2017,75,-6.8900146484375
3148900,27-09-2017,542,2.8699951171875
2522600,28-09-2017,456,4.5400390625
2543800,29-09-2017,435,1.239990234375
2442900,02-10-2017,359,-4.80999755859375
2666600,03-10-2017,510,-0.9000244140625
2527400,04-10-2017,532,11.239990234375
3229200,05-10-2017,667,10.8499755859375
3782100,06-10-2017,681,13.94000244140625
2938600,09-10-2017,401,-2.25
3084900,10-10-2017,505,-9.469970703125
2337100,11-10-2017,572,3.72998046875
4067300,12-10-2017,643,4.1199951171875
2431500,13-10-2017,566,-4.05999755859375
2008900,16-10-2017,404,-2.0999755859375
2319700,17-10-2017,468,3.53997802734375
2499700,18-10-2017,12,-12.27001953125
3108200,19-10-2017,488,-3.3900146484375
2365100,20-10-2017,413,-10.62005615234375
3494100,23-10-2017,608,-20.42999267578125
2723900,24-10-2017,597,6.9000244140625
3033100,25-10-2017,570,-5.09002685546875
5618700,26-10-2017,129,-7.9000244140625
16565000,27-10-2017,1859,42.8099365234375
6613100,30-10-2017,563,15.8399658203125
3477000,31-10-2017,397,-3.719970703125
3755500,01-11-2017,448,-1.719970703125
3684900,02-11-2017,486,-3.590087890625
3751500,03-11-2017,461,20.449951171875
3381100,06-11-2017,396,11.510009765625
2689000,07-11-2017,409,-1.5699462890625
2581500,08-11-2017,417,10.06005859375
3732700,09-11-2017,475,3.1700439453125
2179900,10-11-2017,422,-0.75
2918400,13-11-2017,479,6.1700439453125
3138400,14-11-2017,449,6.72998046875
3928700,15-11-2017,537,-0.320068359375
2213300,16-11-2017,249,7.1300048828125
2413400,17-11-2017,514,-8.4000244140625
2163900,20-11-2017,524,-3.4599609375
2479400,21-11-2017,428,6.6300048828125
3555300,22-11-2017,140,15.1600341796875
3528000,24-11-2017,470,25.300048828125
6744000,27-11-2017,746,-6.830078125
4559400,28-11-2017,691,-11.280029296875
9257500,29-11-2017,762,-33.530029296875
4509200,30-11-2017,614,9.6500244140625
4107100,01-12-2017,635,-9.7000732421875
5931900,04-12-2017,455,-39.9000244140625
4079800,05-12-2017,588,13.3099365234375
2853300,06-12-2017,539,14.3599853515625
2511600,07-12-2017,412,3.2000732421875
3050100,08-12-2017,485,-8.4000244140625
2363500,11-12-2017,291,4.320068359375
2235900,12-12-2017,257,-1.4300537109375
2616800,13-12-2017,242,-5.8699951171875
3214300,14-12-2017,296,10.550048828125
4778600,15-12-2017,349,0.1099853515625
2947600,18-12-2017,321,3.2099609375
2587800,19-12-2017,243,-1.77001953125
2371200,20-12-2017,228,-12.8800048828125
2123100,21-12-2017,377,-1.1400146484375
1585100,22-12-2017,327,-3.719970703125
2005200,26-12-2017,317,8.4000244140625
1867200,27-12-2017,348,2.3499755859375
1841700,28-12-2017,388,-2.9000244140625
2688400,29-12-2017,409,-12.8800048828125
2694500,02-01-2018,482,17.010009765625
3108800,03-01-2018,483,15.89990234375
3022100,04-01-2018,459,4.5899658203125
3544700,05-01-2018,595,11.6300048828125
4279500,08-01-2018,183,10.8699951171875
3661300,09-01-2018,466,-4.2000732421875
2686000,10-01-2018,364,9.179931640625
3125000,11-01-2018,488,16.9400634765625
5443700,12-01-2018,558,31.8099365234375
7220700,16-01-2018,480,-18.1400146484375
5253800,17-01-2018,365,-17.239990234375
4026900,18-01-2018,665,-0.6300048828125
4578500,19-01-2018,606,-17.4200439453125
4140100,22-01-2018,510,30.1400146484375
5169300,23-01-2018,495,24.4500732421875
6807500,24-01-2018,461,-17.3099365234375
4753000,25-01-2018,467,9.949951171875
4857300,26-01-2018,518,10.0400390625
5701900,29-01-2018,568,8.5
5871900,30-01-2018,964,34.64990234375
6424700,31-01-2018,759,-0.4100341796875
9113800,01-02-2018,1326,-55.0
11125700,02-02-2018,434,-47.4400634765625
11495000,05-02-2018,653,-12.6199951171875
11066800,06-02-2018,414,81.3800048828125
7162700,07-02-2018,385,-32.219970703125
8578600,08-02-2018,541,-79.1800537109375
14141500,09-02-2018,754,-33.8900146484375
6738900,12-02-2018,78,21.5599365234375
5917900,13-02-2018,504,28.5799560546875
5959200,14-02-2018,483,44.800048828125
5652700,15-02-2018,457,-5.1300048828125
4472600,16-02-2018,406,-8.6800537109375
6499200,20-02-2018,608,21.8599853515625
6304400,21-02-2018,737,-2.0799560546875
4858100,22-02-2018,555,-10.02001953125
4418100,23-02-2018,462,4.6600341796875
4955000,26-02-2018,546,12.75
4808800,27-02-2018,518,-12.52001953125
4515000,28-02-2018,611,-7.06005859375
6835200,01-03-2018,493,-20.1500244140625
6587600,02-03-2018,457,31.1500244140625
5233900,05-03-2018,543,29.3699951171875
4561700,06-03-2018,541,4.4400634765625
4174100,07-03-2018,459,18.47998046875
3862600,08-03-2018,450,1.8599853515625
4534300,09-03-2018,517,15.3900146484375
5174200,12-03-2018,530,5.7900390625
6531900,13-03-2018,531,-27.7799072265625
4259400,14-03-2018,508,-6.0
4069700,15-03-2018,595,-12.6800537109375
5425000,16-03-2018,405,-11.7698974609375
6580800,19-03-2018,559,-9.5999755859375
4581600,20-03-2018,628,36.1700439453125
4750800,21-03-2018,580,-4.5899658203125
6320600,22-03-2018,498,-20.5499267578125
8006000,23-03-2018,496,-43.449951171875
5624700,26-03-2018,424,25.8599853515625
6999600,27-03-2018,514,-75.3499755859375
13705300,28-03-2018,1269,-15.5799560546875
12581100,29-03-2018,1306,41.3399658203125
10463600,02-04-2018,958,-45.6300048828125
10231200,03-04-2018,1412,0.6700439453125
6982300,04-04-2018,869,52.3299560546875
6413500,05-04-2018,666,9.760009765625
5882300,06-04-2018,638,-24.739990234375
4208200,09-04-2018,417,-18.9500732421875
4254100,10-04-2018,441,4.22998046875
3582500,11-04-2018,449,-12.389892578125
3135000,12-04-2018,482,9.0
3685300,13-04-2018,640,-18.3499755859375
2808600,16-04-2018,420,-3.5
5114400,17-04-2018,641,41.5299072265625
5227500,18-04-2018,795,13.18994140625
6523700,19-04-2018,300,13.6900634765625
5541600,20-04-2018,514,-33.7099609375
4465400,23-04-2018,495,-28.8299560546875
7494700,24-04-2018,592,-75.7100830078125
6587300,25-04-2018,265,2.1700439453125
8801100,26-04-2018,1275,32.949951171875
13053200,27-04-2018,1668,-61.3900146484375
5464100,30-04-2018,475,-16.3699951171875
4572100,01-05-2018,490,19.0400390625
4360300,02-05-2018,530,-11.2999267578125
4251900,03-05-2018,155,12.0699462890625
3443600,04-05-2018,416,18.5
3801900,07-05-2018,514,10.800048828125
3067900,08-05-2018,433,-2.6099853515625
3637300,09-05-2018,560,8.0
2817500,10-05-2018,462,0.5999755859375
2263900,11-05-2018,424,-8.0799560546875
2509500,14-05-2018,445,-2.4599609375
5077500,15-05-2018,507,-11.6800537109375
2570600,16-05-2018,467,9.780029296875
2147600,17-05-2018,427,1.199951171875
2642600,18-05-2018,398,-6.9599609375
2925200,21-05-2018,349,0.4599609375
2115600,22-05-2018,406,-8.489990234375
3361900,23-05-2018,452,30.8099365234375
3430000,24-05-2018,427,5.0399169921875
2698400,25-05-2018,437,7.1500244140625
3846500,29-05-2018,436,12.1600341796875
2907400,30-05-2018,503,6.7900390625
3166300,31-05-2018,478,6.6199951171875
3313400,01-06-2018,487,4.510009765625
3187700,04-06-2018,491,16.3699951171875
4782200,05-06-2018,743,23.3599853515625
5473200,06-06-2018,576,-8.760009765625
3765700,07-06-2018,488,-9.260009765625
2955100,08-06-2018,392,2.8699951171875
2335500,11-06-2018,393,7.6099853515625
2259200,12-06-2018,399,5.75
3327500,13-06-2018,470,2.0499267578125
3174400,14-06-2018,599,10.3800048828125
4777600,15-06-2018,407,1.969970703125
3107700,18-06-2018,394,17.530029296875
4290100,19-06-2018,503,25.739990234375
4332600,20-06-2018,279,7.5799560546875
4941100,21-06-2018,200,-29.780029296875
4075100,22-06-2018,487,-26.949951171875
7511200,25-06-2018,493,-39.3599853515625
4386600,26-06-2018,391,18.719970703125
4872200,27-06-2018,409,-47.5999755859375
4529700,28-06-2018,887,28.909912109375
4543500,29-06-2018,562,-17.199951171875
3185700,02-07-2018,348,31.080078125
2177300,03-07-2018,287,-30.0
2983100,05-07-2018,352,-5.6500244140625
2650300,06-07-2018,333,14.6300048828125
3012000,09-07-2018,461,14.969970703125
3002900,10-07-2018,402,4.5399169921875
3209800,11-07-2018,420,17.010009765625
4532700,12-07-2018,708,32.1099853515625
4383200,13-07-2018,646,9.0999755859375
5466200,16-07-2018,1181,0.5400390625
5682900,17-07-2018,891,32.3699951171875
4861900,18-07-2018,695,-5.0799560546875
4676900,19-07-2018,581,-16.489990234375
3884400,20-07-2018,454,-11.31005859375
3888500,23-07-2018,538,-10.2099609375
4278700,24-07-2018,466,0.22998046875
3738200,25-07-2018,561,34.3099365234375
9924400,26-07-2018,2159,-31.0
9681000,27-07-2018,237,-58.780029296875
6562300,30-07-2018,553,-48.1099853515625
5738700,31-07-2018,577,-9.050048828125
4153100,01-08-2018,540,13.1700439453125
4354700,02-08-2018,557,45.5599365234375
3460500,03-08-2018,129,-14.449951171875
3391800,06-08-2018,357,21.93994140625
3377500,07-08-2018,384,7.949951171875
3963000,08-08-2018,488,25.52001953125
4860400,09-08-2018,356,16.52001953125
3639900,10-08-2018,353,-2.2099609375
5531500,13-08-2018,484,-2.300048828125
3986100,14-08-2018,489,0.260009765625
7700700,15-08-2018,139,-26.9300537109375
3957100,16-08-2018,467,-17.419921875
4104300,17-08-2018,468,-3.580078125
2862000,20-08-2018,345,-13.8599853515625
3105600,21-08-2018,389,3.4200439453125
3080500,22-08-2018,423,28.260009765625
3563000,23-08-2018,390,-4.27001953125
2800900,24-08-2018,293,-5.1199951171875
3569000,27-08-2018,414,12.6800537109375
3100700,28-08-2018,488,-4.9100341796875
6531800,29-08-2018,1148,44.6500244140625
7277300,30-08-2018,238,4.9599609375
4204400,31-08-2018,642,5.7099609375
5721100,04-09-2018,1068,13.010009765625
8220600,05-09-2018,854,-43.2900390625
7488700,06-09-2018,699,-48.199951171875
4892600,07-09-2018,406,13.3599853515625
4544800,10-09-2018,479,-31.989990234375
5033600,11-09-2018,617,58.8800048828125
4414000,12-09-2018,480,-4.0
3621500,13-09-2018,467,-10.1300048828125
3642000,14-09-2018,418,-22.7401123046875
7050200,17-09-2018,632,-46.699951171875
4268700,18-09-2018,516,22.4000244140625
4056800,19-09-2018,559,-14.0799560546875
3154900,20-09-2018,626,5.7200927734375
6855900,21-09-2018,20,-39.2099609375
4213700,24-09-2018,541,30.5699462890625
4538400,25-09-2018,575,31.6500244140625
4313500,26-09-2018,495,6.3499755859375
4329400,27-09-2018,604,19.739990234375
4085100,28-09-2018,395,-1.4100341796875
3460500,01-10-2018,379,-17.6300048828125
5400700,02-10-2018,731,-28.679931640625
5253100,03-10-2018,674,-28.93994140625
7257000,04-10-2018,760,-39.5799560546875
6822300,05-10-2018,581,-28.3399658203125
7393200,08-10-2018,592,-9.5799560546875
4772900,09-10-2018,540,10.3299560546875
10988900,10-10-2018,887,-102.6400146484375
13935900,11-10-2018,199,-4.6400146484375
9444600,12-10-2018,636,-19.3900146484375
6437200,15-10-2018,550,-34.050048828125
5859900,16-10-2018,576,36.4599609375
5295200,17-10-2018,395,-11.06005859375
5874000,18-10-2018,470,-50.77001953125
5907200,19-10-2018,454,-21.1300048828125
4500000,22-10-2018,510,5.300048828125
6723900,23-10-2018,587,26.4599609375
6928400,24-10-2018,725,-109.5
10285700,25-10-2018,1112,78.830078125
14963800,26-10-2018,1722,-6.7799072265625
13866100,29-10-2018,1351,-121.1199951171875
12460100,30-10-2018,1057,44.260009765625
9390200,31-10-2018,658,28.02001953125
8135500,01-11-2018,723,42.0
6955500,02-11-2018,508,-13.0599365234375
5624700,05-11-2018,684,-29.7698974609375
4257400,06-11-2018,532,24.4600830078125
8192200,07-11-2018,656,82.489990234375
6534900,08-11-2018,574,-0.0899658203125
5902200,09-11-2018,573,-20.0699462890625
6806200,12-11-2018,491,-61.3900146484375
5933300,13-11-2018,944,-18.1199951171875
6486900,14-11-2018,697,-57.3099365234375
8427300,15-11-2018,734,38.429931640625
6066100,16-11-2018,489,5.9100341796875
7790000,19-11-2018,599,-64.719970703125
10878800,20-11-2018,942,57.9599609375
5716800,21-11-2018,145,-26.260009765625
2707600,23-11-2018,351,-14.93994140625
6257700,26-11-2018,590,42.3299560546875
5783200,27-11-2018,594,5.4300537109375
8458700,28-11-2018,775,63.8299560546875
6613200,29-11-2018,504,-1.4200439453125
5761800,30-11-2018,451,10.6700439453125
6862300,03-12-2018,560,2.9000244140625
8694500,04-12-2018,603,-87.5999755859375
8789400,06-12-2018,573,84.3199462890625
7576100,07-12-2018,454,-75.93994140625
7494800,10-12-2018,371,17.1900634765625
6244700,11-12-2018,370,-34.760009765625
6598000,12-12-2018,513,-5.4599609375
5271300,13-12-2018,466,-21.6199951171875
6367200,14-12-2018,499,-46.0899658203125
8829800,17-12-2018,568,-45.0899658203125
6523000,18-12-2018,546,11.47998046875
8792200,19-12-2018,515,-47.9700927734375
9991800,20-12-2018,626,-23.1700439453125
13640300,21-12-2018,362,-87.5400390625
7220000,24-12-2018,528,-2.0400390625
10411800,26-12-2018,726,102.010009765625
9722000,27-12-2018,530,7.4400634765625
8829000,28-12-2018,538,4.6700439453125
6954500,31-12-2018,263,-8.830078125
7983100,02-01-2019,665,73.9300537109375
6975600,03-01-2019,652,-19.72998046875
9182600,04-01-2019,661,45.3900146484375
7993200,07-01-2019,806,27.199951171875
8881400,08-01-2019,687,-8.1099853515625
6348800,09-01-2019,797,6.4400634765625
6507700,10-01-2019,910,15.2099609375
4686200,11-01-2019,557,0.010009765625
6005900,14-01-2019,450,2.2099609375
5998500,15-01-2019,620,42.56005859375
6366900,16-01-2019,581,-0.43994140625
4208900,17-01-2019,99,13.219970703125
6020500,18-01-2019,563,-15.800048828125
6416800,22-01-2019,552,-48.8299560546875
5225200,23-01-2019,577,-15.97998046875
4089900,24-01-2019,472,13.860107421875
4945900,25-01-2019,515,0.0699462890625
4837700,28-01-2019,499,-5.699951171875
4632800,29-01-2019,591,-37.3900146484375
5783800,30-01-2019,599,47.4300537109375
10910300,31-01-2019,279,25.8800048828125
11506200,01-02-2019,1500,-12.6500244140625
4929100,04-02-2019,542,10.31005859375
4453100,05-02-2019,540,15.4700927734375
3939900,06-02-2019,419,-30.489990234375
4626600,07-02-2019,595,-10.6300048828125
5657500,08-02-2019,1032,2.219970703125
3317300,11-02-2019,525,-9.97998046875
4858600,12-02-2019,613,34.010009765625
3560300,13-02-2019,291,-7.0
4120500,14-02-2019,1146,-1.8499755859375
4343900,15-02-2019,472,-19.9100341796875
3681700,19-02-2019,549,26.5799560546875
3337600,20-02-2019,459,-7.9000244140625
3483400,21-02-2019,472,-0.4100341796875
3096200,22-02-2019,451,8.06005859375
3184500,25-02-2019,411,-8.449951171875
2665800,26-02-2019,55,10.4200439453125
3148800,27-02-2019,422,12.909912109375
3025900,28-02-2019,532,4.5799560546875
4974900,01-03-2019,640,16.5999755859375
6167400,04-03-2019,665,11.1700439453125
3681500,05-03-2019,549,-10.5198974609375
3996000,06-03-2019,602,-27.02001953125
4957000,07-03-2019,655,-41.4200439453125
4667000,08-03-2019,601,16.7900390625
3876400,11-03-2019,50,44.5
3614500,12-03-2019,546,4.0999755859375
3552000,13-03-2019,567,7.81005859375
2946600,14-03-2019,578,-4.97998046875
7550900,15-03-2019,778,9.3599853515625
5429100,18-03-2019,644,29.4500732421875
6364200,19-03-2019,844,8.3399658203125
6265600,20-03-2019,570,27.330078125
5767800,21-03-2019,724,23.0
6363000,22-03-2019,511,-45.4000244140625
5103800,25-03-2019,581,16.469970703125
4865900,26-03-2019,295,-9.239990234375
4324800,27-03-2019,615,-18.4300537109375
3043000,28-03-2019,618,3.4200439453125
3320800,29-03-2019,532,-5.8299560546875
4238800,01-04-2019,632,14.0799560546875
3448100,02-04-2019,617,2.9599609375
3926100,03-04-2019,390,-6.02001953125
3623900,04-04-2019,718,-1.7900390625
3640500,05-04-2019,759,8.280029296875
3752800,08-04-2019,622,16.6300048828125
3714400,09-04-2019,587,-9.6500244140625
2964000,10-04-2019,528,6.3299560546875
2654800,11-04-2019,703,-4.6300048828125
3114400,12-04-2019,518,-5.3399658203125
3724400,15-04-2019,610,2.8699951171875
3044600,16-04-2019,567,11.6900634765625
2893500,17-04-2019,540,-8.1700439453125
2749900,18-04-2019,494,-7.10009765625
3373800,22-04-2019,523,31.9100341796875
4640400,23-04-2019,672,32.570068359375
3675800,24-04-2019,148,-23.25
6099100,25-04-2019,63,-14.75
8432600,26-04-2019,277,21.6300048828125
4021300,29-04-2019,512,-10.5699462890625
3506000,30-04-2019,548,-3.5799560546875
3117000,01-05-2019,457,-21.5699462890625
3962900,02-05-2019,731,-12.510009765625
6381600,03-05-2019,1266,13.4599609375
5417800,06-05-2019,673,32.570068359375
5902100,07-05-2019,651,-18.989990234375
4078600,08-05-2019,587,-1.0999755859375
5308300,09-05-2019,640,-0.1300048828125
5718000,10-05-2019,660,-8.02001953125
5783400,13-05-2019,637,-13.8800048828125
4629100,14-05-2019,547,0.6199951171875
4692600,15-05-2019,721,43.2000732421875
4707800,16-05-2019,729,21.6300048828125
4736600,17-05-2019,309,-24.050048828125
3798200,20-05-2019,381,6.280029296875
4005100,21-05-2019,267,-17.27001953125
2936600,22-05-2019,602,7.9000244140625
4424300,23-05-2019,214,-21.1099853515625
3369700,24-05-2019,508,-12.6099853515625
3200000,28-05-2019,422,3.6800537109375
4279000,29-05-2019,492,-3.9300537109375
3146900,30-05-2019,420,-9.1700439453125
4618800,31-05-2019,573,-14.9400634765625
9098700,03-06-2019,531,-67.320068359375
5679100,04-06-2019,659,30.320068359375
4239800,05-06-2019,479,-11.0999755859375
3689300,06-06-2019,270,16.6500244140625
4808200,07-06-2019,545,40.330078125
5371000,10-06-2019,487,38.6300048828125
4042700,11-06-2019,492,-19.550048828125
2678300,12-06-2019,234,1.3399658203125
2795800,13-06-2019,393,3.580078125
2851200,14-06-2019,350,5.6700439453125
2634300,17-06-2019,425,9.530029296875
3895700,18-06-2019,443,0.02001953125
2895300,19-06-2019,25,0.9500732421875
3217200,20-06-2019,175,-15.1400146484375
3933600,21-06-2019,376,-4.7999267578125
2283000,24-06-2019,364,1.239990234375
3012300,25-06-2019,497,-33.5699462890625
2441900,26-06-2019,287,5.3499755859375
2141700,27-06-2019,378,2.280029296875
3037400,28-06-2019,270,-15.469970703125
3192100,01-07-2019,359,-0.7900390625
2645900,02-07-2019,405,14.9300537109375
1690300,03-07-2019,374,3.1099853515625
2628400,05-07-2019,152,14.31005859375
2883400,08-07-2019,481,18.199951171875
4345700,09-07-2019,719,40.5
4931900,10-07-2019,653,20.9000244140625
4317800,11-07-2019,664,-24.550048828125
2509300,12-07-2019,510,2.72998046875
2981300,15-07-2019,36,-0.4100341796875
2618200,16-07-2019,203,-0.679931640625
2558800,17-07-2019,317,-15.02001953125
3486900,18-07-2019,561,-2.1099853515625
3185600,19-07-2019,366,-26.68994140625
2900000,22-07-2019,331,14.489990234375
2703500,23-07-2019,553,-1.5
2631300,24-07-2019,575,31.510009765625
4136500,25-07-2019,949,-27.1800537109375
4927100,26-07-2019,741,1.050048828125
4493200,29-07-2019,523,-17.550048828125
2910900,30-07-2019,468,7.4100341796875
4470700,31-07-2019,450,-31.3299560546875
4713300,01-08-2019,594,-16.4000244140625
4956200,02-08-2019,476,-21.8299560546875
6058200,05-08-2019,493,-5.0899658203125
5070300,06-08-2019,417,-4.4000244140625
4526900,07-08-2019,431,19.4100341796875
3701200,08-08-2019,404,26.8900146484375
2879800,09-08-2019,319,-21.3699951171875
2905500,12-08-2019,305,-11.0699462890625
3994000,13-08-2019,412,41.3399658203125
4893600,14-08-2019,429,-30.050048828125
3759100,15-08-2019,493,-5.8699951171875
3018000,16-08-2019,438,-0.320068359375
2816300,19-08-2019,378,-1.9599609375
1929500,20-08-2019,512,-13.1199951171875
2031800,21-08-2019,589,4.1500244140625
2653500,22-08-2019,522,-23.3399658203125
5270800,23-08-2019,683,-43.4100341796875
3080000,26-08-2019,191,1.9599609375
3019700,27-08-2019,450,-13.9000244140625
2419700,28-08-2019,583,9.25
3015100,29-08-2019,612,3.4000244140625
3058700,30-08-2019,597,-21.199951171875
3543000,03-09-2019,673,19.8399658203125
2324100,04-09-2019,563,-4.3800048828125
3310800,05-09-2019,619,18.77001953125
2496900,06-09-2019,523,-4.7099609375
2999500,09-09-2019,386,-9.6500244140625
2613900,10-09-2019,422,-2.199951171875
2432800,11-09-2019,358,10.8499755859375
2823500,12-09-2019,396,5.9200439453125
1971300,13-09-2019,281,-2.6700439453125
3675500,16-09-2019,364,-16.1800537109375
1982400,17-09-2019,317,15.4700927734375
2505600,18-09-2019,373,0.419921875
2031500,19-09-2019,416,0.47998046875
5341900,20-09-2019,417,-27.5499267578125
2922300,23-09-2019,469,8.300048828125
4616000,24-09-2019,193,-49.0
3493200,25-09-2019,508,20.969970703125
3536800,26-09-2019,433,-22.9500732421875
3907200,27-09-2019,410,-22.550048828125
2644700,30-09-2019,423,8.9200439453125
3084500,01-10-2019,464,-10.3499755859375
3301100,02-10-2019,346,-14.510009765625
3468200,03-10-2019,256,11.4200439453125
2471900,04-10-2019,254,13.6300048828125
2154700,07-10-2019,251,1.030029296875
2542000,08-10-2019,356,-16.97998046875
2043500,09-10-2019,296,2.3800048828125
2575200,10-10-2019,339,-4.97998046875
3255000,11-10-2019,366,-11.0
1910200,14-10-2019,132,7.52001953125
3111700,15-10-2019,404,25.239990234375
2763400,16-10-2019,403,4.10009765625
2647400,17-10-2019,386,-9.010009765625
3362500,18-10-2019,374,-30.2900390625
2130400,21-10-2019,321,16.0
2111700,22-10-2019,79,-22.4200439453125
2138200,23-10-2019,427,0.8699951171875
4446100,24-10-2019,1624,9.6900634765625
9626400,25-10-2019,1562,63.7799072265625
3708900,28-10-2019,501,29.0198974609375
2276900,29-10-2019,372,-12.10009765625
2449400,30-10-2019,359,19.75
2781200,31-10-2019,280,0.6700439453125
2790400,01-11-2019,288,3.429931640625
2771900,04-11-2019,322,3.6500244140625
1885500,05-11-2019,339,-7.4500732421875
2029800,06-11-2019,265,-5.22998046875
2651100,07-11-2019,382,-15.56005859375
2123300,08-11-2019,344,-2.010009765625
1946000,11-11-2019,295,-6.3499755859375
2037600,12-11-2019,340,3.3399658203125
2989500,13-11-2019,474,-20.280029296875
2264800,14-11-2019,435,3.169921875
3927600,15-11-2019,464,-20.56005859375
2839500,18-11-2019,395,14.22998046875
2270800,19-11-2019,406,-4.199951171875
2790000,20-11-2019,432,-3.6099853515625
2662900,21-11-2019,275,-8.2900390625
2479100,22-11-2019,316,6.699951171875
3486200,25-11-2019,409,20.5899658203125
3181200,26-11-2019,452,17.0198974609375
3025600,27-11-2019,582,17.510009765625
1923400,29-11-2019,294,-16.97998046875
3925600,02-12-2019,521,-22.800048828125
3380900,03-12-2019,634,9.9599609375
2670100,04-12-2019,459,-13.320068359375
2823800,05-12-2019,477,-23.02001953125
3117400,06-12-2019,463,0.4000244140625
2442800,09-12-2019,387,-1.1500244140625
2514300,10-12-2019,37,-8.1900634765625
2097600,11-12-2019,440,7.0499267578125
3095900,12-12-2019,399,10.3299560546875
2745700,13-12-2019,358,-4.06005859375
3145200,16-12-2019,508,2.2099609375
3644400,17-12-2019,682,12.6500244140625
3351400,18-12-2019,560,-10.989990234375
2652800,19-12-2019,441,11.780029296875
5150800,20-12-2019,454,-13.1199951171875
2136400,23-12-2019,265,4.739990234375
881300,24-12-2019,237,-4.60009765625
6005400,26-12-2019,1289,67.760009765625
6186600,27-12-2019,945,-13.1199951171875
3674700,30-12-2019,520,-27.1099853515625
